epoch,steps,MRR@10,NDCG@10
0,-1,0.9242424242424242,0.918414779197835
1,-1,0.9242424242424242,0.9179650817606025
